{"val_loss": [1.1226579001826098, 2.330501984327267, 0.8047305355724107, 1.36663523902241, 1.2407868621695755, 0.9583544313398182, 1.583063706373557, 1.1405735255306602, 0.7757476089347122, 0.5354109396282424, 0.9067162163237221, 0.9426097156655076, 1.043627559629261, 0.922665828313583, 0.5915991302229401, 1.3479193194299681, 1.3289827077816694, 4.312813453185252, 3.8949035864609938, 1.440942800962008, 0.6454620463216406, 2.259892891614865, 1.1673024250910833, 0.7494689949557313, 1.1102420264839108, 0.8485868486583742, 0.943688049275651, 0.6739645737868089, 1.2715357338261402, 1.6900932917242788, 0.7328437841855563, 0.9761095362850744, 0.533312779206496, 0.42372226307534766, 0.5362710708226913, 0.422231051656935, 1.3380572204915886, 0.4558181933358184, 0.6064985980335463, 0.4458778882638002, 0.35508642950628555, 0.3790553471980951, 0.5628561260353806, 0.6992600595849192, 0.5061152399095714, 0.7593118308955787, 1.1434033278726106, 0.9040128176028912, 1.101231839412298, 0.6525194838515713, 0.8717304437588422, 1.4791866163922172, 1.0982634287614088, 1.4172907649961293, 1.0460130862700634, 0.3959262962015266, 0.3693750363129836, 0.41749333163611907, 0.7330467252649813, 0.44709178496253654, 0.4692090821062398, 0.3789259765902136, 0.4628039659597935, 0.40138206573633045], "val_acc": [0.7478632473538065, 0.6282051282051282, 0.8290598285503876, 0.782051282051282, 0.7521367526461935, 0.7863247868342277, 0.7692307687213278, 0.7820512815418407, 0.8076923071828663, 0.8717948728137546, 0.8076923076923077, 0.752136753155635, 0.7564102564102564, 0.8376068370973963, 0.8846153856342674, 0.7478632473538065, 0.7649572652119857, 0.5470085470085471, 0.5341880344427549, 0.7435897446086264, 0.8504273514462333, 0.572649572776933, 0.6880341882889087, 0.799145300164182, 0.7179487184581593, 0.850427349917909, 0.7307692302597893, 0.8461538466632875, 0.6923076928171337, 0.7051282157627945, 0.7820512815418407, 0.7350427352974558, 0.8290598285503876, 0.897435896926456, 0.8589743584649175, 0.8675213685402503, 0.594017094017094, 0.9059829054734646, 0.8290598290598291, 0.8846153851248261, 0.8931623936718346, 0.9059829070017889, 0.8290598285503876, 0.8247863242768834, 0.8589743584649175, 0.8290598290598291, 0.7136752146940964, 0.7777777767588949, 0.7393162398256807, 0.8547008552102962, 0.8205128200033791, 0.7179487189676008, 0.8076923087111905, 0.7008547018735837, 0.7905982905982906, 0.9145299140204731, 0.9188034193128602, 0.9059829064923474, 0.7863247873436692, 0.8803418872193394, 0.8888888893983303, 0.8974358984547802, 0.893162394181276, 0.9059829054734646], "loss": [1.390047013759613, 0.7928953181360988, 0.6909264732280397, 0.7141869835861515, 0.5615768547394168, 0.49982204500763583, 0.46910236665067345, 0.44596628122420345, 0.3744112527066145, 0.45035482564327056, 0.4236542748227368, 0.42250085115168123, 0.4839713553609647, 0.37091928113925865, 0.3971213700490633, 0.30401676734464944, 0.3916313161331329, 0.6632153733853627, 0.6267111328875978, 0.3946329499455324, 0.4065217162078282, 0.3419556890290797, 0.43943315658399984, 0.43495057766366085, 0.3510668126909635, 0.3236541785093047, 0.28603254981363785, 0.3455528145228057, 0.2967126735968807, 0.4175296054696137, 0.3053615404100254, 0.2648789873398369, 0.32521237530533664, 0.28058621270807416, 0.24459854228945074, 0.23676312962065263, 0.3535791388097799, 0.2359520576637937, 0.2176545864626451, 0.23191603928903629, 0.1687670178736222, 0.20835595231474305, 0.17709321517509705, 0.22242082089814177, 0.18966853281237045, 0.12274317803909458, 0.1705009232747568, 0.26996522976476267, 0.24786389059284816, 0.218350107476661, 0.19250457966235052, 0.3491314817612761, 0.39563333406035567, 0.3165172003747091, 0.2761283867499408, 0.30189754517044, 0.20010043814629483, 0.1796722695909515, 0.20859547675515916, 0.21876840476984455, 0.18967639853985147, 0.19354843061322244, 0.15640919259465097, 0.12636923657877], "acc": [0.5926724137931034, 0.7713651498996722, 0.7880133186672689, 0.7968923419085512, 0.8335183129855716, 0.8357380689447383, 0.8490566038066618, 0.8601553829078802, 0.8734739179351882, 0.8590455051267584, 0.8701442841948998, 0.8601553829409571, 0.841287458511886, 0.8690344062153164, 0.8923418423973363, 0.9001109877913429, 0.866814650520765, 0.8057713651829105, 0.8013318535622693, 0.8779134296550603, 0.8801331854157655, 0.8890122086901247, 0.8546059934068864, 0.8712541621083293, 0.8934517203438428, 0.883462819156054, 0.9100998890452856, 0.8845726971356374, 0.8990011098944519, 0.8568257492998993, 0.90625, 0.908990011164933, 0.8934517203438428, 0.9189789124519526, 0.9178690344062154, 0.915649278711664, 0.883462819156054, 0.925638179800222, 0.9289678135405105, 0.9289678136066645, 0.9456159823081073, 0.9311875694996773, 0.9378468368479467, 0.9167591564927858, 0.9311875694335234, 0.9578246392896781, 0.9378468369802545, 0.9123196449052215, 0.9178690344723692, 0.9267480577798054, 0.9411764706543891, 0.8967813541172083, 0.8779134295889064, 0.8978912320306378, 0.8956714762699326, 0.9034406215316315, 0.9378468368479467, 0.9456159823081073, 0.9300776915200939, 0.9311875693673696, 0.9353448275862069, 0.9245283019529463, 0.9478357380688124, 0.9611542730299667]}